id,remark,created_at,updated_at,telephonable_id,telephonable_type,digits
1e81da64-545d-11e6-adab-1e71d922e561,"Consectetur ut pariatur vel velit ut.","2016-07-28 08:49:20","2016-07-28 08:49:20",de40977e-545c-11e6-adab-1e71d922e561,SystemAccount,"559-971-3981 x46531"
1e8a6684-545d-11e6-adab-1e71d922e561,"Laboriosam aliquam eveniet delectus quasi consequatur placeat officiis.","2016-07-28 08:49:20","2016-07-28 08:49:20",06d68db0-545d-11e6-adab-1e71d922e561,SystemAccount,"314.933.9851 x65946"
1e92d2ce-545d-11e6-adab-1e71d922e561,"Aut ipsum velit provident.","2016-07-28 08:49:20","2016-07-28 08:49:20",06d68db0-545d-11e6-adab-1e71d922e561,SystemAccount,"743.412.0783 x90202"
1e9b6272-545d-11e6-adab-1e71d922e561,"Illum consequuntur adipisci quas quia quos non odio hic.","2016-07-28 08:49:20","2016-07-28 08:49:20",0dbf0df0-545d-11e6-adab-1e71d922e561,SystemAccount,"631-918-1544 x8858"
1ea3c854-545d-11e6-adab-1e71d922e561,"In nihil quisquam temporibus.","2016-07-28 08:49:20","2016-07-28 08:49:20",e3214e28-545c-11e6-adab-1e71d922e561,Branch,1-602-158-4813
1eac4bbe-545d-11e6-adab-1e71d922e561,"Quis excepturi laudantium quia neque qui aut.","2016-07-28 08:49:20","2016-07-28 08:49:20",e3214e28-545c-11e6-adab-1e71d922e561,Branch,"1-603-781-9820 x951"
1eb4c67c-545d-11e6-adab-1e71d922e561,"Iure optio quia nesciunt dolorum praesentium.","2016-07-28 08:49:21","2016-07-28 08:49:21",0dbf0df0-545d-11e6-adab-1e71d922e561,SystemAccount,"(300) 747-5559 x5025"
1ebd4004-545d-11e6-adab-1e71d922e561,"Vel et vero illo id eveniet.","2016-07-28 08:49:21","2016-07-28 08:49:21",e302dc54-545c-11e6-adab-1e71d922e561,Branch,"182-260-7437 x74998"
1ec5c274-545d-11e6-adab-1e71d922e561,"Iste voluptatum similique animi at consequatur.","2016-07-28 08:49:21","2016-07-28 08:49:21",e31a8c3c-545c-11e6-adab-1e71d922e561,Branch,"143.242.4804 x683"
1ece2df6-545d-11e6-adab-1e71d922e561,"Asperiores eos assumenda quisquam vel deserunt accusamus.","2016-07-28 08:49:21","2016-07-28 08:49:21",f0ed973c-545c-11e6-adab-1e71d922e561,SystemAccount,"(620) 569-7470 x425"
1ed6bc8c-545d-11e6-adab-1e71d922e561,"Sed est rem soluta sit laboriosam est perspiciatis.","2016-07-28 08:49:21","2016-07-28 08:49:21",e31a8c3c-545c-11e6-adab-1e71d922e561,Branch,124-387-3054
1edf37ae-545d-11e6-adab-1e71d922e561,"Labore dolores sit eum est doloremque ipsa expedita sint.","2016-07-28 08:49:21","2016-07-28 08:49:21",e31a8c3c-545c-11e6-adab-1e71d922e561,Branch,"(691) 175-9619 x60705"
1ee794b2-545d-11e6-adab-1e71d922e561,"Ipsum vel dolor voluptatem voluptate commodi.","2016-07-28 08:49:21","2016-07-28 08:49:21",e302dc54-545c-11e6-adab-1e71d922e561,Branch,"(915) 400-6053"
1ef44b80-545d-11e6-adab-1e71d922e561,"Ut dolore dolorem quo et.","2016-07-28 08:49:21","2016-07-28 08:49:21",fedec8de-545c-11e6-adab-1e71d922e561,SystemAccount,"(924) 489-2036"
1f17300a-545d-11e6-adab-1e71d922e561,"Reiciendis occaecati ea rerum et eos eum.","2016-07-28 08:49:21","2016-07-28 08:49:21",e31a8c3c-545c-11e6-adab-1e71d922e561,Branch,374-238-1950
1f1fa316-545d-11e6-adab-1e71d922e561,"Dolore ea quia rem mollitia.","2016-07-28 08:49:21","2016-07-28 08:49:21",e78be9fa-545c-11e6-adab-1e71d922e561,SystemAccount,995-249-5108
1f27fa66-545d-11e6-adab-1e71d922e561,"Et nihil aut aut recusandae.","2016-07-28 08:49:21","2016-07-28 08:49:21",fedec8de-545c-11e6-adab-1e71d922e561,SystemAccount,272.853.1088
1f308bf4-545d-11e6-adab-1e71d922e561,"Accusamus fuga nulla et omnis et.","2016-07-28 08:49:21","2016-07-28 08:49:21",e30cfc48-545c-11e6-adab-1e71d922e561,Branch,"(922) 457-1202"
1f38f1cc-545d-11e6-adab-1e71d922e561,"Nulla consequatur quia repellat.","2016-07-28 08:49:21","2016-07-28 08:49:21",ec19de32-545c-11e6-adab-1e71d922e561,SystemAccount,"(710) 445-7082 x5773"
1f432318-545d-11e6-adab-1e71d922e561,"Eaque officiis qui blanditiis.","2016-07-28 08:49:21","2016-07-28 08:49:21",e31a8c3c-545c-11e6-adab-1e71d922e561,Branch,"(854) 512-8482"
1f4b9b4c-545d-11e6-adab-1e71d922e561,"Fuga modi nisi aspernatur laudantium est aut non.","2016-07-28 08:49:22","2016-07-28 08:49:22",f387fe4c-545c-11e6-adab-1e71d922e561,SystemAccount,"221-300-3527 x408"
1f5422c6-545d-11e6-adab-1e71d922e561,"Odio dolorum consectetur repellat omnis consequatur et.","2016-07-28 08:49:22","2016-07-28 08:49:22",e302dc54-545c-11e6-adab-1e71d922e561,Branch,"(985) 506-6347 x26205"
1f5c7746-545d-11e6-adab-1e71d922e561,"Itaque neque nemo ipsam molestiae magnam harum officiis.","2016-07-28 08:49:22","2016-07-28 08:49:22",e31a8c3c-545c-11e6-adab-1e71d922e561,Branch,134-477-0046
1f6528aa-545d-11e6-adab-1e71d922e561,"Qui repellat sunt voluptatem.","2016-07-28 08:49:22","2016-07-28 08:49:22",06d68db0-545d-11e6-adab-1e71d922e561,SystemAccount,"203-135-3106 x38786"
1f6d8d10-545d-11e6-adab-1e71d922e561,"Rerum molestiae voluptatum voluptas neque ea animi.","2016-07-28 08:49:22","2016-07-28 08:49:22",fc9e4b1c-545c-11e6-adab-1e71d922e561,SystemAccount,477-381-7887
1f7e88a4-545d-11e6-adab-1e71d922e561,"Labore voluptatem qui aspernatur minima unde repellendus.","2016-07-28 08:49:22","2016-07-28 08:49:22",e313c4d8-545c-11e6-adab-1e71d922e561,Branch,"1-865-611-8679 x6619"
1f888688-545d-11e6-adab-1e71d922e561,"Tempore quis facere ea minus et sed.","2016-07-28 08:49:22","2016-07-28 08:49:22",e3214e28-545c-11e6-adab-1e71d922e561,Branch,"303.186.2260 x03276"
1f913f12-545d-11e6-adab-1e71d922e561,"Repudiandae ratione sit ut ut.","2016-07-28 08:49:22","2016-07-28 08:49:22",04317ea8-545d-11e6-adab-1e71d922e561,SystemAccount,"947-087-5656 x0600"
1f9985aa-545d-11e6-adab-1e71d922e561,"Sed dolorum nihil sit laboriosam fugit consequuntur.","2016-07-28 08:49:22","2016-07-28 08:49:22",f90bf972-545c-11e6-adab-1e71d922e561,SystemAccount,"(985) 291-7070 x22790"
1fa225de-545d-11e6-adab-1e71d922e561,"Maxime voluptatem id est voluptatem.","2016-07-28 08:49:22","2016-07-28 08:49:22",f619f5b6-545c-11e6-adab-1e71d922e561,SystemAccount,"697-298-7724 x793"
1faa7f2c-545d-11e6-adab-1e71d922e561,"Aut voluptates maxime perferendis optio sit pariatur omnis.","2016-07-28 08:49:22","2016-07-28 08:49:22",e313c4d8-545c-11e6-adab-1e71d922e561,Branch,"990.358.3770 x33383"
1fb3188a-545d-11e6-adab-1e71d922e561,"Nihil placeat sed commodi a.","2016-07-28 08:49:22","2016-07-28 08:49:22",e2f717b6-545c-11e6-adab-1e71d922e561,Branch,1-814-613-5355
1fbb79da-545d-11e6-adab-1e71d922e561,"Ut qui et mollitia dolorum explicabo laboriosam minima.","2016-07-28 08:49:22","2016-07-28 08:49:22",e31a8c3c-545c-11e6-adab-1e71d922e561,Branch,"1-317-463-3694 x829"
1fc3da44-545d-11e6-adab-1e71d922e561,"Ratione dolores enim quibusdam quia.","2016-07-28 08:49:22","2016-07-28 08:49:22",e302dc54-545c-11e6-adab-1e71d922e561,Branch,359.079.7161
1fd6c352-545d-11e6-adab-1e71d922e561,"Omnis quo dolorem labore dolor eius.","2016-07-28 08:49:22","2016-07-28 08:49:22",de40977e-545c-11e6-adab-1e71d922e561,SystemAccount,909-787-8783
1fdf1dea-545d-11e6-adab-1e71d922e561,"Qui est nisi qui vero suscipit unde.","2016-07-28 08:49:22","2016-07-28 08:49:22",e31a8c3c-545c-11e6-adab-1e71d922e561,Branch,"1-709-225-2487 x68780"
1fe7a0b4-545d-11e6-adab-1e71d922e561,"Dolorem voluptatem corporis quibusdam ullam.","2016-07-28 08:49:23","2016-07-28 08:49:23",e313c4d8-545c-11e6-adab-1e71d922e561,Branch,"597-871-9522 x1459"
1ff00b14-545d-11e6-adab-1e71d922e561,"Numquam dolor at temporibus perferendis nesciunt natus eum expedita.","2016-07-28 08:49:23","2016-07-28 08:49:23",0116d5d8-545d-11e6-adab-1e71d922e561,SystemAccount,"518.181.2042 x3088"
1ff895d6-545d-11e6-adab-1e71d922e561,"Est dolorum quae voluptas.","2016-07-28 08:49:23","2016-07-28 08:49:23",e30cfc48-545c-11e6-adab-1e71d922e561,Branch,115.421.0686
2000eae2-545d-11e6-adab-1e71d922e561,"Error sapiente omnis voluptatem dolore sit architecto.","2016-07-28 08:49:23","2016-07-28 08:49:23",e302dc54-545c-11e6-adab-1e71d922e561,Branch,"(950) 607-0855"
200980b2-545d-11e6-adab-1e71d922e561,"Ab aspernatur perferendis optio dolore possimus et.","2016-07-28 08:49:23","2016-07-28 08:49:23",e313c4d8-545c-11e6-adab-1e71d922e561,Branch,"352-875-3812 x137"
2011eeaa-545d-11e6-adab-1e71d922e561,"Rerum sed aliquam rem aut.","2016-07-28 08:49:23","2016-07-28 08:49:23",08997be4-545d-11e6-adab-1e71d922e561,SystemAccount,"812-940-8118 x742"
201a7da4-545d-11e6-adab-1e71d922e561,"Sit laudantium sit quis perferendis sed nisi dolorem.","2016-07-28 08:49:23","2016-07-28 08:49:23",e3214e28-545c-11e6-adab-1e71d922e561,Branch,227.671.5763
20282c92-545d-11e6-adab-1e71d922e561,"Quidem voluptas soluta est dolores.","2016-07-28 08:49:23","2016-07-28 08:49:23",ec19de32-545c-11e6-adab-1e71d922e561,SystemAccount,"(143) 221-7267 x88459"
20309274-545d-11e6-adab-1e71d922e561,"Dicta eveniet tenetur culpa temporibus harum.","2016-07-28 08:49:23","2016-07-28 08:49:23",0116d5d8-545d-11e6-adab-1e71d922e561,SystemAccount,"263.834.8552 x21428"
20390882-545d-11e6-adab-1e71d922e561,"Beatae et doloremque consequatur repellendus ab.","2016-07-28 08:49:23","2016-07-28 08:49:23",e31a8c3c-545c-11e6-adab-1e71d922e561,Branch,286-425-1194
2041724c-545d-11e6-adab-1e71d922e561,"Repellendus quisquam necessitatibus aliquid nesciunt temporibus.","2016-07-28 08:49:23","2016-07-28 08:49:23",08997be4-545d-11e6-adab-1e71d922e561,SystemAccount,"(147) 648-6837"
2049f9d0-545d-11e6-adab-1e71d922e561,"Error aut magnam natus rerum unde sit.","2016-07-28 08:49:23","2016-07-28 08:49:23",ec19de32-545c-11e6-adab-1e71d922e561,SystemAccount,"1-820-477-2414 x587"
e3393b96-545c-11e6-adab-1e71d922e561,"Main Number 1","2016-07-28 08:47:41","2016-07-28 08:47:41",e2f717b6-545c-11e6-adab-1e71d922e561,Branch,6451514
e35b0276-545c-11e6-adab-1e71d922e561,"Main Number 2","2016-07-28 08:47:41","2016-07-28 08:47:41",e2f717b6-545c-11e6-adab-1e71d922e561,Branch,6452237
e36544f2-545c-11e6-adab-1e71d922e561,Fax,"2016-07-28 08:47:41","2016-07-28 08:47:41",e2f717b6-545c-11e6-adab-1e71d922e561,Branch,6452246
e36d82ca-545c-11e6-adab-1e71d922e561,Cellphone,"2016-07-28 08:47:41","2016-07-28 08:47:41",e2f717b6-545c-11e6-adab-1e71d922e561,Branch,09237354641
e3747b98-545c-11e6-adab-1e71d922e561,"Main Number","2016-07-28 08:47:41","2016-07-28 08:47:41",e302dc54-545c-11e6-adab-1e71d922e561,Branch,9427048
e37b225e-545c-11e6-adab-1e71d922e561,"Main Number","2016-07-28 08:47:41","2016-07-28 08:47:41",e30cfc48-545c-11e6-adab-1e71d922e561,Branch,6478092
